{
  "train_loss": [
    0.040947611443698406,
    0.022459449246525764,
    0.0206222552806139,
    0.018823937512934208,
    0.018453207177420456,
    0.01754553833355506,
    0.017632754209140938,
    0.017307838114599388,
    0.016865618526935577,
    0.01645156213392814,
    0.016459627076983452,
    0.016628273607542116,
    0.015978652673463028,
    0.01586641774823268,
    0.015769003114352625,
    0.015490741624186436,
    0.015292881522327662,
    0.015287307711939016,
    0.015195761807262897,
    0.015858647723992664,
    0.015141951696326336,
    0.014981200763334831,
    0.014709387440234423,
    0.01460975594818592,
    0.015146557552119097,
    0.014333445113152266,
    0.014058344066143036,
    0.013704984759291014,
    0.01455296870941917,
    0.014227373991161585
  ],
  "val_loss": [
    0.022247303277254105,
    0.01893211156129837,
    0.019237417727708817,
    0.01969142258167267,
    0.016529317945241928,
    0.015944596379995346,
    0.016112929210066795,
    0.01584576442837715,
    0.015369468368589878,
    0.014982834458351135,
    0.015142560005187988,
    0.015153307467699051,
    0.015565537847578526,
    0.01456710509955883,
    0.01500721275806427,
    0.015157802030444145,
    0.013978678733110428,
    0.01488359272480011,
    0.013793669641017914,
    0.013845868408679962,
    0.013876786455512047,
    0.014403759501874447,
    0.014863001182675362,
    0.014804713428020477,
    0.013729631900787354,
    0.01307541411370039,
    0.012913871556520462,
    0.013822952285408974,
    0.014766442589461803,
    0.013074666261672974
  ],
  "train_dice": [
    0.038657567636554195,
    0.005811204397829094,
    0.01574541141555149,
    0.0052906229906828466,
    0.01318235879160002,
    0.008949980267783484,
    0.0389234650916661,
    0.03496142229414545,
    0.01755787774337809,
    0.02462132927030325,
    0.042742705632311605,
    0.048166115302592516,
    0.03192585287615657,
    0.056018004504342876,
    0.0726292993252476,
    0.08897557109594345,
    0.12081254397829373,
    0.14702640349666277,
    0.1613177756468455,
    0.1533266535649697,
    0.1638965147236983,
    0.1619756780564785,
    0.19740313788255057,
    0.21751761436462402,
    0.2577371497948964,
    0.25026212135950726,
    0.26765379309654236,
    0.2897791961828868,
    0.29059139390786487,
    0.3420918782552083
  ],
  "val_dice": [
    0.008246639743447304,
    0.0005174286779947579,
    0.05800260230898857,
    0.0993996411561966,
    0.0023493277840316296,
    0.000411758606787771,
    0.00017554644728079438,
    0.0018077362328767776,
    0.027699055150151253,
    0.019625414162874222,
    0.05996403843164444,
    0.08931104838848114,
    0.13774313032627106,
    0.07443143427371979,
    0.153414785861969,
    0.2126103937625885,
    0.12305564433336258,
    0.2534199357032776,
    0.11372360587120056,
    0.12221577018499374,
    0.18635940551757812,
    0.2893042266368866,
    0.3684534430503845,
    0.3906070590019226,
    0.2610740661621094,
    0.19583186507225037,
    0.305406391620636,
    0.4455731213092804,
    0.4729899764060974,
    0.1744706630706787
  ],
  "train_iou": [
    0.021010826181065437,
    0.002942351557791077,
    0.008470332295639761,
    0.002670463191954234,
    0.006817324314590892,
    0.004554281204758536,
    0.02110929143020267,
    0.01871738377182434,
    0.008994828722201096,
    0.012654243968427181,
    0.02259283377012859,
    0.02533480750086407,
    0.01639505452476442,
    0.02914286373804013,
    0.03835840127430856,
    0.04754578539480766,
    0.06622214429080486,
    0.08220103569328785,
    0.09031115099787712,
    0.08927769710620244,
    0.0932199228554964,
    0.09174215979874134,
    0.11337727556626002,
    0.124290286252896,
    0.15497325422863165,
    0.14766750236352286,
    0.1574406921863556,
    0.1722818004588286,
    0.17815852413574854,
    0.2137941395243009
  ],
  "val_iou": [
    0.004148153588175774,
    0.00025890691904351115,
    0.030784105882048607,
    0.05373567342758179,
    0.0011776391183957458,
    0.00020597674301825464,
    8.780407370068133e-05,
    0.0009055426344275475,
    0.014109553769230843,
    0.00994176883250475,
    0.03125682473182678,
    0.0473715215921402,
    0.07503015547990799,
    0.03906062990427017,
    0.08443954586982727,
    0.12146599590778351,
    0.06643456965684891,
    0.149503692984581,
    0.06100650131702423,
    0.06619566679000854,
    0.10455954819917679,
    0.1719164252281189,
    0.22950203716754913,
    0.2430771291255951,
    0.1552198827266693,
    0.10919245332479477,
    0.18117859959602356,
    0.2874559760093689,
    0.31920456886291504,
    0.09658006578683853
  ],
  "train_accuracy": [
    0.7392608324686686,
    0.9081807136535645,
    0.90939728418986,
    0.9096946716308594,
    0.9098110198974609,
    0.9097280502319336,
    0.9110493659973145,
    0.9107778867085775,
    0.9101064999898275,
    0.9104450543721517,
    0.911268393198649,
    0.9114583333333334,
    0.9108544985453287,
    0.9118731816609701,
    0.9125401178995768,
    0.9132386843363444,
    0.9147027333577474,
    0.915782610575358,
    0.9165177345275879,
    0.9161953926086426,
    0.9167323112487793,
    0.9167350133260092,
    0.9182403882344564,
    0.9190516471862793,
    0.920264720916748,
    0.9204936027526855,
    0.9209833145141602,
    0.9224041302998861,
    0.9224820137023926,
    0.9233668645222982
  ],
  "val_accuracy": [
    0.9184846878051758,
    0.9218893051147461,
    0.9235258102416992,
    0.9236173629760742,
    0.9220046997070312,
    0.9220094680786133,
    0.9220008850097656,
    0.9220666885375977,
    0.922886848449707,
    0.9226484298706055,
    0.9240131378173828,
    0.9249801635742188,
    0.9266061782836914,
    0.9246044158935547,
    0.9273815155029297,
    0.9296064376831055,
    0.9263134002685547,
    0.9314098358154297,
    0.9260978698730469,
    0.9265451431274414,
    0.9287557601928711,
    0.932586669921875,
    0.9349040985107422,
    0.9335412979125977,
    0.9320497512817383,
    0.9284191131591797,
    0.9325065612792969,
    0.9376344680786133,
    0.9371662139892578,
    0.9286346435546875
  ],
  "train_sensitivity": [
    0.1518591083390455,
    0.0030324593379872215,
    0.009581291438901645,
    0.0026765717609746904,
    0.006956400693720326,
    0.004584936172367369,
    0.02151574413221179,
    0.019067390234946895,
    0.009078599402752824,
    0.01273398322518915,
    0.02283229356786857,
    0.025539512746036053,
    0.016462667379528284,
    0.029331655862430733,
    0.03876845779207846,
    0.04836144391447306,
    0.06763466509679954,
    0.08505071513354778,
    0.09249173228939374,
    0.09389039967209101,
    0.09639009895424049,
    0.0950572242339452,
    0.11796390761931737,
    0.1279553733766079,
    0.16600863759716353,
    0.155557661006848,
    0.16612598299980164,
    0.18115497628847757,
    0.19207385865350565,
    0.23976551989714304
  ],
  "val_sensitivity": [
    0.004362987354397774,
    0.00025930203264579177,
    0.03167610242962837,
    0.05677942931652069,
    0.0011808284325525165,
    0.00020597674301825464,
    8.780407370068133e-05,
    0.0009056372800841928,
    0.014171984046697617,
    0.009962577372789383,
    0.03155121952295303,
    0.04807084798812866,
    0.07665645331144333,
    0.03938114270567894,
    0.08618484437465668,
    0.12567222118377686,
    0.0673062652349472,
    0.15646934509277344,
    0.061625219881534576,
    0.06696918606758118,
    0.10719655454158783,
    0.18146421015262604,
    0.2535051703453064,
    0.2765088677406311,
    0.1620492935180664,
    0.1130659282207489,
    0.1932767927646637,
    0.32586169242858887,
    0.3964318037033081,
    0.0980251282453537
  ],