{
  "test_metrics": {
    "dice": 0.15051405131816864,
    "iou": 0.08357888460159302,
    "accuracy": 0.9238061904907227,
    "sensitivity": 0.08472668379545212,
    "specificity": 0.9991328716278076
  },
  "test_loss": 0.014854757115244865,
  "best_epoch": 29,
  "best_val_dice": 0.4729899764060974
}