{"train_losses": [2.6838782920113093, 1.906143792067902, 1.5518131980413123, 1.4255228691463229, 1.354522112049634, 1.3019688536849203, 1.2720739841461182, 1.239394654201556, 1.2338149366499502, 1.2062289941159985], "train_accs": [0.1668, 0.444, 0.6994, 0.8132, 0.8596, 0.8922, 0.9108, 0.928, 0.9364, 0.95], "val_losses": [2.1149300148612573, 1.5817681268641823, 1.4418197274208069, 1.38770150824597, 1.3485310642342818, 1.3221328572223061, 1.3030221399508024, 1.338440843318638, 1.3696780361627277, 1.288253857901222], "val_accs": [0.5133333333333333, 0.725, 0.7658333333333334, 0.7566666666666667, 0.7883333333333333, 0.8308333333333333, 0.745, 0.7625, 0.7508333333333334, 0.7808333333333334], "test_acc": 0.7383333333333333, "test_loss": 1.2651457629705731, "best_epoch": 10}