{"train_losses": [2.215378612279892, 1.9234040826559067, 1.6946256905794144, 1.5059933215379715, 1.354398787021637, 1.263396680355072, 1.1688565164804459, 1.112921193242073, 1.0657419711351395, 1.032117247581482], "train_accs": [0.282, 0.732, 0.834, 0.886, 0.914, 0.94, 0.962, 0.976, 0.988, 0.99], "val_losses": [2.157984733581543, 2.025128483772278, 1.9201411008834839, 1.8643485307693481, 1.8464319109916687, 1.9041047096252441, 1.806928813457489, 1.7866964936256409, 1.8505944609642029, 1.8280643820762634], "val_accs": [0.225, 0.3, 0.425, 0.4583333333333333, 0.39166666666666666, 0.375, 0.375, 0.375, 0.35833333333333334, 0.375], "test_acc": 0.4666666666666667, "test_loss": 1.6465149521827698, "best_epoch": 8}