{"train_losses": [2.1946118772029877, 1.8765748143196106, 1.629287376999855, 1.4537489414215088, 1.3138240277767181, 1.2191749066114426, 1.144185096025467, 1.0995709747076035, 1.0563677251338959, 1.0257316827774048], "train_accs": [0.368, 0.862, 0.94, 0.952, 0.988, 0.986, 0.992, 0.996, 0.994, 0.992], "val_losses": [2.0829488039016724, 1.9039078950881958, 1.779992401599884, 1.689611554145813, 1.6090987920761108, 1.5604644417762756, 1.529829978942871, 1.510115921497345, 1.4810858964920044, 1.4658514261245728], "val_accs": [0.25833333333333336, 0.5, 0.49166666666666664, 0.45, 0.5083333333333333, 0.5166666666666667, 0.48333333333333334, 0.5, 0.49166666666666664, 0.5], "test_acc": 0.5583333333333333, "test_loss": 1.4736388325691223, "best_epoch": 10}