{"train_losses": [1.8733723759651184, 1.2031192928552628, 1.034200981259346, 0.9934169352054596, 0.9858288615942001, 0.976252980530262, 0.9618929177522659, 0.9616656675934792, 0.9630129560828209, 0.9552968293428421], "train_accs": [0.454, 0.916, 0.99, 0.996, 1.0, 1.0, 1.0, 1.0, 1.0, 1.0], "val_losses": [1.752423644065857, 1.5709406733512878, 1.499074399471283, 1.5454906225204468, 1.492079734802246, 1.5505189299583435, 1.4687715768814087, 1.5628390312194824, 1.5017279982566833, 1.4931584000587463], "val_accs": [0.36666666666666664, 0.45, 0.475, 0.5666666666666667, 0.5083333333333333, 0.525, 0.5833333333333334, 0.5583333333333333, 0.5583333333333333, 0.525], "test_acc": 0.5166666666666667, "test_loss": 1.524820327758789, "best_epoch": 7}