{"train_losses": [1.5964406170422518, 1.088193866271007, 1.0140002626406996, 0.9845583121987838, 0.9788762180111076, 0.9686827018291135, 0.9645825549017025, 0.9596843923194499, 0.9569685708118391, 0.9561052103585834], "train_accs": [0.7664, 0.9782, 0.9888, 0.9968, 0.9976, 0.998, 0.9986, 0.9988, 0.9992, 0.9988], "val_losses": [1.5286926050980887, 1.4574293312927087, 1.441619519641002, 1.455821754410863, 1.4536993569384018, 1.4521743036806583, 1.460262310753266, 1.4648474507033824, 1.458701174830397, 1.475177913159132], "val_accs": [0.5083333333333333, 0.525, 0.5166666666666667, 0.525, 0.5416666666666666, 0.525, 0.575, 0.525, 0.5333333333333333, 0.5166666666666667], "test_acc": 0.49166666666666664, "test_loss": 1.459828083962202, "best_epoch": 3}