{"train_losses": [2.4349644482135773, 2.312976688146591, 2.1606444716453552, 2.093051701784134, 1.9639681279659271, 1.907515063881874, 1.8384721130132675, 1.821694552898407, 1.731293424963951, 1.7006363719701767], "train_accs": [0.092, 0.162, 0.248, 0.324, 0.438, 0.444, 0.522, 0.52, 0.588, 0.632], "val_losses": [2.2388112545013428, 2.1682971715927124, 2.089712381362915, 2.0222185850143433, 1.9357929229736328, 1.8704611659049988, 1.819414496421814, 1.762548804283142, 1.7218617796897888, 1.685463011264801], "val_accs": [0.15833333333333333, 0.2916666666666667, 0.3333333333333333, 0.325, 0.44166666666666665, 0.5333333333333333, 0.5583333333333333, 0.5916666666666667, 0.5833333333333334, 0.65], "test_acc": 0.5166666666666667, "test_loss": 1.6701176762580872, "best_epoch": 10}