{
  "train_loss": [
    0.7608873397111893,
    0.5276590283960104,
    0.5485838770866394,
    0.5173069350421429,
    0.5032658860087394,
    0.5398775335401297,
    0.4458110645413399,
    0.5207840211689472,
    0.4119653994217515,
    0.3784843608736992,
    0.3808240797370672,
    0.3385955195873976,
    0.3420610012486577,
    0.39243049249053,
    0.36768536642193794,
    0.3157362017780542,
    0.3243442434817553,
    0.36187437959015367,
    0.33283293917775153,
    0.3449595978483558,
    0.285687567666173,
    0.3049665255472064,
    0.32226270958781245,
    0.3008936904370785,
    0.2803956590592861,
    0.2928869305178523,
    0.25688562225550415,
    0.2770550101995468,
    0.27001849822700025,
    0.29981516394764185
  ],
  "val_loss": [
    0.6726305067539216,
    0.5103420972824096,
    0.6297772109508515,
    0.5167557507753372,
    0.6134408175945282,
    0.48742352724075316,
    0.5709561228752136,
    0.5774033665657043,
    0.6703938186168671,
    0.4204112678766251,
    0.4920727550983429,
    0.518059355020523,
    0.4998035699129105,
    0.44944421350955965,
    0.41186992079019547,
    0.3706661105155945,
    0.3790554508566856,
    0.42366841435432434,
    0.5185333400964737,
    0.39022778272628783,
    0.39728246033191683,
    0.4218944519758224,
    0.34530690014362336,
    0.35706856846809387,
    0.4158545732498169,
    0.3475035399198532,
    0.3944749027490616,
    0.5020536661148072,
    0.5553867876529693,
    0.36288259625434877
  ],
  "train_dice": [
    0.5584728174842895,
    0.7767303861677647,
    0.7705465584993363,
    0.7792155548930169,
    0.7840401977300644,
    0.7717411912977695,
    0.8040026746690273,
    0.7431054905056953,
    0.8177082598209381,
    0.8258768558502197,
    0.8416800126433372,
    0.8618477389216423,
    0.8488464683294297,
    0.8277243137359619,
    0.8435885414481163,
    0.8569659724831581,
    0.8585351034998894,
    0.8458128422498703,
    0.859081918001175,
    0.8505500078201294,
    0.8721360772848129,
    0.8693631589412689,
    0.8621259823441505,
    0.8633864402770997,
    0.8789168044924736,
    0.8691642850637435,
    0.8790930837392807,
    0.8710067957639694,
    0.8781909883022309,
    0.8686563789844512
  ],
  "val_dice": [
    0.7314368486404419,
    0.8139025926589966,
    0.7536969780921936,
    0.7877189517021179,
    0.7851017475128174,
    0.7733091950416565,
    0.7734463095664978,
    0.7373570799827576,
    0.6847900390625,
    0.8388098001480102,
    0.8574534773826599,
    0.8469843149185181,
    0.828275728225708,
    0.8438579797744751,
    0.8488054394721984,
    0.8563846588134766,
    0.8382967472076416,
    0.8295560956001282,
    0.8430954933166503,
    0.8316874742507935,
    0.8137351036071777,
    0.8068766117095947,
    0.831063711643219,
    0.8513794541358948,
    0.8117414712905884,
    0.8517405152320862,
    0.8060176134109497,
    0.7926559686660767,
    0.7342666983604431,
    0.8284008264541626
  ],
  "train_iou": [
    0.4420870078960434,
    0.6775126218795776,
    0.6719271972775459,
    0.6803089931607247,
    0.6870382145047188,
    0.6727565858513117,
    0.7115084566175938,
    0.6358655013144017,
    0.7258949607610703,
    0.7350855439901351,
    0.7507496058940888,
    0.77574542760849,
    0.7584191083908081,
    0.7318047292530536,
    0.7546403728425503,
    0.7706360653042793,
    0.7744348123669624,
    0.7542040526866913,
    0.7718423768877983,
    0.7620950236916542,
    0.7889141157269478,
    0.7864876836538315,
    0.7784673020243644,
    0.7785640671849251,
    0.7992456138134003,
    0.7862587377429009,
    0.7979503303766251,
    0.7883973747491837,
    0.7980762600898743,
    0.7832482755184174
  ],
  "val_iou": [
    0.6267375469207763,
    0.7229500055313111,
    0.6437535285949707,
    0.6902042746543884,
    0.6785872936248779,
    0.6733793377876282,
    0.6752212524414063,
    0.6268257856369018,
    0.5628612339496613,
    0.7524508118629456,
    0.7739906191825867,
    0.7594663739204407,
    0.7249966979026794,
    0.7562912702560425,
    0.7607008337974548,
    0.7671975135803223,
    0.7525051236152649,
    0.7397747755050659,
    0.7520840167999268,
    0.7344928860664368,
    0.7189233660697937,
    0.7111824512481689,
    0.7361212849617005,
    0.7605874896049499,
    0.7115794777870178,
    0.7635949134826661,
    0.7122864365577698,
    0.7017045378684997,
    0.6178784966468811,
    0.7315446138381958
  ],
  "train_accuracy": [
    0.7154945611953736,
    0.8408500909805298,
    0.8509064674377441,
    0.8591943264007569,
    0.8600945949554444,
    0.8586752891540528,
    0.8771331310272217,
    0.8487097501754761,
    0.881754994392395,
    0.8932219266891479,
    0.8963310718536377,
    0.9111890077590943,
    0.9057868480682373,
    0.8887368440628052,
    0.9028392791748047,
    0.9115801334381104,
    0.9117629528045654,
    0.9016658782958984,
    0.9086670637130737,
    0.9052791357040405,
    0.9226580142974854,
    0.9184674978256225,
    0.9127525568008423,
    0.9171119451522827,
    0.9241962194442749,
    0.9173740386962891,
    0.9285578012466431,
    0.9224202156066894,
    0.9274555921554566,
    0.9181716680526734
  ],
  "val_accuracy": [
    0.820623779296875,
    0.8581068038940429,
    0.8491554260253906,
    0.8216239929199218,
    0.8634912490844726,
    0.8103012084960938,
    0.8080318450927735,
    0.7800447463989257,
    0.7246280670166015,
    0.8853588104248047,
    0.8952011108398438,
    0.8899518966674804,
    0.89119873046875,
    0.8882715225219726,
    0.8944149017333984,
    0.8978733062744141,
    0.8844144821166993,
    0.8786256790161133,
    0.8867914199829101,
    0.8850559234619141,
    0.8657318115234375,
    0.859223747253418,
    0.8885326385498047,
    0.8986017227172851,
    0.8705514907836914,
    0.9004568099975586,
    0.8577510833740234,
    0.8329816818237304,
    0.7955595016479492,
    0.8857877731323243
  ],
  "train_sensitivity": [
    0.690715330094099,
    0.8524865701794624,
    0.8134042978286743,
    0.8493590705096722,
    0.8545293107628822,
    0.8210174825042487,
    0.8648469850420952,
    0.8002390131354332,
    0.8877270326018334,
    0.9008131012320518,
    0.9115216955542564,
    0.9288503155112267,
    0.9040135487914085,
    0.9041050478816033,
    0.8881384134292603,
    0.9318380907177926,
    0.9194908872246742,
    0.9091968432068824,
    0.9264778435230255,
    0.9136384189128876,
    0.9294136449694633,
    0.9233174085617065,
    0.9152529954910278,
    0.934354567527771,
    0.9258605614304543,
    0.9300673916935921,
    0.9391929328441619,
    0.9359746411442756,
    0.9254078224301339,
    0.9311488330364227
  ],
  "val_sensitivity": [
    0.7056877851486206,
    0.835560393333435,
    0.6933111429214478,
    0.901473319530487,
    0.7348418593406677,
    0.9221722960472107,
    0.960603678226471,
    0.9555055975914002,
    0.9862866997718811,
    0.879262375831604,
    0.8295070648193359,
    0.7961062908172607,
    0.8578065276145935,
    0.8626964330673218,
    0.9031298756599426,
    0.9245407938957214,
    0.9128892302513123,
    0.8905473232269288,
    0.7905701160430908,
    0.9340069890022278,
    0.94999258518219,
    0.9538677930831909,
    0.9477993726730347,
    0.937270188331604,
    0.9448804378509521,
    0.9294706106185913,
    0.9686692714691162,
    0.966914963722229,
    0.9788586497306824,
    0.9631295204162598
  ],