{
  "test_metrics": {
    "dice": 0.8526872992515564,
    "iou": 0.7558510422706604,
    "accuracy": 0.9116676330566407,
    "sensitivity": 0.9367616295814514,
    "specificity": 0.9074636459350586
  },
  "test_loss": 0.3008370101451874,
  "best_epoch": 11,
  "best_val_dice": 0.8574534773826599
}