{
  "train_loss": [
    0.7587152667343616,
    0.36969378143548964,
    0.35183332692831754,
    0.2924448728561401,
    0.269696069508791,
    0.2868369994685054,
    0.27624324411153794,
    0.2465050971135497,
    0.27337316870689393,
    0.2571212064474821,
    0.24459047261625527,
    0.25335063729435203,
    0.2459906043484807,
    0.23131243996322154,
    0.2378005798906088,
    0.23491695672273635,
    0.2132867181673646,
    0.22536923736333847,
    0.2359998755156994,
    0.21953223012387751,
    0.20831742603331804,
    0.20930929630994796,
    0.21699482575058937,
    0.22760835159569978,
    0.22352599892765285,
    0.21748835016041995,
    0.21411577351391314,
    0.2070267267525196,
    0.22035772670060397,
    0.2237883945927024
  ],
  "val_loss": [
    0.6169220030307769,
    0.358201140165329,
    0.33291718661785125,
    0.345353239774704,
    0.32484428584575653,
    0.33057107627391813,
    0.30761105120182036,
    0.32785741090774534,
    0.336947438120842,
    0.28175207376480105,
    0.318704879283905,
    0.27266801297664645,
    0.26705907583236693,
    0.2683987617492676,
    0.2912242263555527,
    0.28922216296195985,
    0.2831960514187813,
    0.29444039762020113,
    0.26417983174324033,
    0.2732792258262634,
    0.30298522412776946,
    0.3141415446996689,
    0.27833138704299926,
    0.4330391943454742,
    0.318116994202137,
    0.30779417157173156,
    0.3009003967046738,
    0.30271720290184023,
    0.29685320258140563,
    0.27683423161506654
  ],
  "train_dice": [
    0.586001106351614,
    0.7542199358344078,
    0.7728908702731132,
    0.8002288118004799,
    0.8142858952283859,
    0.8010455593466759,
    0.8157114490866662,
    0.8297131136059761,
    0.81703080534935,
    0.8313342660665513,
    0.8362038165330887,
    0.8375279083848,
    0.8412838637828827,
    0.8431223392486572,
    0.8452592730522156,
    0.835518903285265,
    0.850122620165348,
    0.8552345290780068,
    0.8336975067853928,
    0.8515522956848145,
    0.8575112372636795,
    0.8607299849390984,
    0.8509810864925385,
    0.8555889144539833,
    0.8499152556061744,
    0.8540656611323356,
    0.8623336538672447,
    0.8576503291726112,
    0.8571556761860848,
    0.844235235452652
  ],
  "val_dice": [
    0.46305415630340574,
    0.7732316613197326,
    0.793356990814209,
    0.8075456500053406,
    0.8165340423583984,
    0.8134564876556396,
    0.812422263622284,
    0.8272142767906189,
    0.8266036987304688,
    0.8293040990829468,
    0.8323564767837525,
    0.8336041450500489,
    0.8409145593643188,
    0.8391385197639465,
    0.8410893082618713,
    0.8387747406959534,
    0.8416502714157105,
    0.823642373085022,
    0.843522822856903,
    0.8478323101997376,
    0.842207157611847,
    0.8273911118507385,
    0.8408310174942016,
    0.811788809299469,
    0.8340964078903198,
    0.8461964011192322,
    0.837512218952179,
    0.8472949504852295,
    0.8341717958450318,
    0.841635000705719
  ],
  "train_iou": [
    0.44258801750838755,
    0.6279024824500083,
    0.6602475196123123,
    0.6879133984446526,
    0.709704315662384,
    0.6960607200860978,
    0.7129293799400329,
    0.729458573460579,
    0.7156758278608322,
    0.7309123925864697,
    0.7352597743272782,
    0.7394738495349884,
    0.7466327175498009,
    0.7487246945500374,
    0.7522705659270287,
    0.740334378182888,
    0.7581595554947853,
    0.7643655881285667,
    0.7347127720713615,
    0.7610915169119835,
    0.7682444661855697,
    0.7707122102379799,
    0.7615031152963638,
    0.7642420127987861,
    0.7578920349478722,
    0.7640632912516594,
    0.7772824376821518,
    0.767800921201706,
    0.7675292029976845,
    0.7513406440615654
  ],
  "val_iou": [
    0.3260836571455002,
    0.6574660778045655,
    0.681505823135376,
    0.7077487349510193,
    0.7241302728652954,
    0.7152987003326416,
    0.7072409868240357,
    0.7407802939414978,
    0.7389873027801513,
    0.730132234096527,
    0.7486267566680909,
    0.7269210100173951,
    0.7467800378799438,
    0.7397359013557434,
    0.7557109713554382,
    0.7509176850318908,
    0.7583529114723205,
    0.7288095116615295,
    0.7474994421005249,
    0.7674314498901367,
    0.7611166715621949,
    0.7388206839561462,
    0.7525023102760315,
    0.7281148672103882,
    0.7529091596603393,
    0.7662540435791015,
    0.7550665140151978,
    0.7681745886802673,
    0.7491417527198792,
    0.7572072982788086
  ],
  "train_accuracy": [
    0.7581249237060547,
    0.8621384382247925,
    0.8700106143951416,
    0.8879827976226806,
    0.899216628074646,
    0.8885503053665161,
    0.8922009468078613,
    0.9039873123168946,
    0.8944341659545898,
    0.9013279199600219,
    0.90548255443573,
    0.9038387060165405,
    0.905450963973999,
    0.9130451679229736,
    0.9103919267654419,
    0.9070971965789795,
    0.9179882049560547,
    0.9134023666381836,
    0.906161904335022,
    0.9126702785491944,
    0.921508526802063,
    0.9213278770446778,
    0.9155337572097778,
    0.9168755769729614,
    0.9131316423416138,
    0.9162293672561646,
    0.9172212362289429,
    0.9220730543136597,
    0.9136799335479736,
    0.9131666898727417
  ],
  "val_accuracy": [
    0.7449178695678711,
    0.8455568313598633,
    0.8645212173461914,
    0.8513587951660156,
    0.860682487487793,
    0.853969955444336,
    0.8717258453369141,
    0.8562084197998047,
    0.8625373840332031,
    0.8862831115722656,
    0.8645410537719727,
    0.8898185729980469,
    0.8918022155761719,
    0.8920757293701171,
    0.8764533996582031,
    0.8805147171020508,
    0.8730770111083984,
    0.875948715209961,
    0.8917535781860352,
    0.8746494293212891,
    0.8725688934326172,
    0.8633333206176758,
    0.8786718368530273,
    0.8378692626953125,
    0.8670589447021484,
    0.873043441772461,
    0.8708034515380859,
    0.8764801025390625,
    0.8733366012573243,
    0.8781190872192383
  ],
  "train_sensitivity": [
    0.6461819849908352,
    0.7823689229786396,
    0.7814792081713676,
    0.8282953754067421,
    0.8161358669400215,
    0.8345236629247665,
    0.8308456420898438,
    0.830459687113762,
    0.8421551622450352,
    0.828501644730568,
    0.8605409041047096,
    0.8300372809171677,
    0.8504807472229003,
    0.8393619909882546,
    0.8609516009688377,
    0.848675087094307,
    0.851032155752182,
    0.8644520148634911,
    0.8378161534667015,
    0.8693303540349007,
    0.8633322849869728,
    0.8685642510652543,
    0.8537691608071327,
    0.8781675890088081,
    0.8612417936325073,
    0.8648861020803451,
    0.8732984706759452,
    0.8638529494404793,
    0.8836259141564369,
    0.8422655753791333
  ],
  "val_sensitivity": [
    0.3894240468740463,
    0.831116545200348,
    0.8170206785202027,
    0.8716783285140991,
    0.8414221167564392,
    0.8487443327903748,
    0.8508396625518799,
    0.921705424785614,
    0.916100549697876,
    0.8797902226448059,
    0.9171081423759461,
    0.8101229786872863,
    0.8625065326690674,
    0.836014187335968,
    0.9033384561538697,
    0.8963473081588745,
    0.9108451843261719,
    0.9064222574234009,
    0.8306319832801818,
    0.9050381422042847,
    0.9217341184616089,
    0.9389357089996337,
    0.880936074256897,
    0.953790831565857,
    0.926424765586853,
    0.9098905324935913,
    0.9210927248001098,
    0.9178825616836548,
    0.9320126533508301,
    0.8992280840873719
  ],