{
  "test_metrics": {
    "dice": 0.8117806315422058,
    "iou": 0.7044604063034058,
    "accuracy": 0.895635986328125,
    "sensitivity": 0.7716500520706177,
    "specificity": 0.9745312452316284
  },
  "test_loss": 0.2344776839017868,
  "best_epoch": 20,
  "best_val_dice": 0.8478323101997376
}