{
  "train_loss": [
    1.2257694403330486,
    0.7693106532096863,
    0.5650325119495392,
    0.4615393827358882,
    0.39643483360608417,
    0.3520081539948781,
    0.32597585022449493,
    0.3080236464738846,
    0.2952923874060313,
    0.28592605392138165,
    0.2781166036923726,
    0.271786093711853,
    0.26365935802459717,
    0.25603707134723663,
    0.24956652273734412,
    0.24109706530968347,
    0.23238605260849,
    0.22630580017964044,
    0.2197008803486824,
    0.21345849086840948,
    0.20752329379320145,
    0.20360526939233145,
    0.19960378110408783,
    0.1932998647292455,
    0.18880803138017654,
    0.18537963181734085,
    0.18229001263777414,
    0.1797791471083959,
    0.17708333830038706,
    0.17287777364253998
  ],
  "val_loss": [
    0.6175289154052734,
    0.5293678045272827,
    0.44608771800994873,
    0.41855913400650024,
    0.4182056784629822,
    0.41596728563308716,
    0.3951202630996704,
    0.3527304232120514,
    0.31808656454086304,
    0.2889268398284912,
    0.26562783122062683,
    0.2526777386665344,
    0.2431306540966034,
    0.23557598888874054,
    0.22972136735916138,
    0.22351908683776855,
    0.21923762559890747,
    0.2107623964548111,
    0.20879791676998138,
    0.20311740040779114,
    0.19617673754692078,
    0.19071146845817566,
    0.19033363461494446,
    0.18310454487800598,
    0.18116453289985657,
    0.17600250244140625,
    0.17836135625839233,
    0.1718822717666626,
    0.17192509770393372,
    0.16644227504730225
  ],
  "train_dice": [
    0.15915779769420624,
    0.16731744507948557,
    0.16199703514575958,
    0.1404753401875496,
    0.1053403044740359,
    0.08902766928076744,
    0.07375500723719597,
    0.06561457738280296,
    0.06026341331501802,
    0.058332194884618126,
    0.05975594619909922,
    0.06499579238394897,
    0.08276853213707606,
    0.10792699580391248,
    0.15303789203365645,
    0.20040886600812277,
    0.26223192115624744,
    0.3246816049019496,
    0.37821606794993085,
    0.4102726976076762,
    0.43408049643039703,
    0.4658949871857961,
    0.4765874594449997,
    0.498198260863622,
    0.5184025565783182,
    0.5420812169710795,
    0.5438679059346517,
    0.5601002176602682,
    0.5610302189985911,
    0.5852405428886414
  ],
  "val_dice": [
    0.12302082031965256,
    0.10772568732500076,
    0.043139610439538956,
    0.009640032425522804,
    0.004900519736111164,
    0.005151969846338034,
    0.005918231792747974,
    0.006773175671696663,
    0.009646167047321796,
    0.01174674928188324,
    0.0149601511657238,
    0.021758122369647026,
    0.04083460569381714,
    0.07791846245527267,
    0.13333861529827118,
    0.18117058277130127,
    0.23417401313781738,
    0.28079065680503845,
    0.3283635377883911,
    0.3476572036743164,
    0.351502001285553,
    0.3708178400993347,
    0.39095067977905273,
    0.4261191785335541,
    0.4576959013938904,
    0.47247976064682007,
    0.47130972146987915,
    0.4909728169441223,
    0.5060336589813232,
    0.5123288631439209
  ],
  "train_iou": [
    0.08657505611578624,
    0.09140011171499889,
    0.08830715095003445,
    0.07583527887860934,
    0.05612590039769808,
    0.04713482533891996,
    0.03874418884515762,
    0.03441542387008667,
    0.03146806669731935,
    0.0304791151235501,
    0.031203701471288998,
    0.03402040836711725,
    0.04361262172460556,
    0.05748865194618702,
    0.08355150868495305,
    0.11210502808292706,
    0.15200856079657873,
    0.19546238084634146,
    0.2351705258091291,
    0.26024821897347766,
    0.27950647473335266,
    0.30660979449748993,
    0.31494808693726856,
    0.33452609181404114,
    0.3529113084077835,
    0.37397459149360657,
    0.3766195923089981,
    0.3914785484472911,
    0.39339513580004376,
    0.4161615918080012
  ],
  "val_iou": [
    0.06563261151313782,
    0.057028669863939285,
    0.022178461775183678,
    0.0048442622646689415,
    0.002456409391015768,
    0.0025827912613749504,
    0.002968015382066369,
    0.0033982442691922188,
    0.004846685566008091,
    0.00590889248996973,
    0.00754417572170496,
    0.011034081690013409,
    0.020954342558979988,
    0.04089447855949402,
    0.07249438017606735,
    0.10168498754501343,
    0.13646167516708374,
    0.16906848549842834,
    0.2052132785320282,
    0.22014650702476501,
    0.2214730679988861,
    0.23866787552833557,
    0.2531646192073822,
    0.2837196886539459,
    0.3086867928504944,
    0.3181535601615906,
    0.3197847604751587,
    0.3387933373451233,
    0.3475951850414276,
    0.353889524936676
  ],
  "train_accuracy": [
    0.593752384185791,
    0.7130943934122721,
    0.7841180165608724,
    0.8381775220235189,
    0.866179625193278,
    0.8808258374532064,
    0.8890056610107422,
    0.8943891525268555,
    0.8986746470133463,
    0.9012985229492188,
    0.9030431111653646,
    0.9039788246154785,
    0.9059185981750488,
    0.9072888692220052,
    0.9085615475972494,
    0.9106488227844238,
    0.9136389096577963,
    0.9159930547078451,
    0.918615976969401,
    0.9215113321940104,
    0.9235124588012695,
    0.9256536165873209,
    0.9266945521036783,
    0.9295541445414225,
    0.9308328628540039,
    0.9320834477742513,
    0.933229923248291,
    0.9341276486714681,
    0.9354449907938639,
    0.9371051788330078
  ],
  "val_accuracy": [
    0.671544075012207,
    0.7510061264038086,
    0.8448038101196289,
    0.8701057434082031,
    0.8400897979736328,
    0.8363885879516602,
    0.8476104736328125,
    0.8682012557983398,
    0.8907480239868164,
    0.9085102081298828,
    0.9136056900024414,
    0.9156246185302734,
    0.9175796508789062,
    0.9192838668823242,
    0.9205999374389648,
    0.9224176406860352,
    0.9233150482177734,
    0.9253511428833008,
    0.9260654449462891,
    0.9277591705322266,
    0.930088996887207,
    0.9316082000732422,
    0.9319829940795898,
    0.9342374801635742,
    0.9340677261352539,
    0.936579704284668,
    0.9343681335449219,
    0.9375724792480469,
    0.9370336532592773,
    0.9393939971923828
  ],
  "train_sensitivity": [
    0.42489705979824066,
    0.32249123851458233,
    0.2346320723493894,
    0.15311078106363615,
    0.09400091816981633,
    0.06962244398891926,
    0.05174827699859937,
    0.04358557021866242,
    0.037636435901125274,
    0.03556147093574206,
    0.03527822500715653,
    0.03888018894940615,
    0.04807798253993193,
    0.06302504800260067,
    0.09315051138401031,
    0.12555058797200522,
    0.17224690318107605,
    0.22750950107971826,
    0.27856920659542084,
    0.3071907013654709,
    0.3298541655143102,
    0.36559143165747326,
    0.37303246061007184,
    0.3926274726788203,
    0.4193798104921977,
    0.44806697964668274,
    0.44756286839644116,
    0.46850954989592236,
    0.4651346355676651,
    0.49614936113357544
  ],
  "val_sensitivity": [
    0.29569756984710693,
    0.1928764283657074,
    0.04605548083782196,
    0.008229500614106655,
    0.005054849199950695,
    0.005423711612820625,
    0.005826669279485941,
    0.00578300841152668,
    0.006848467979580164,
    0.006997757591307163,
    0.008469910360872746,
    0.01216869242489338,
    0.02282349020242691,
    0.04453151300549507,
    0.08083955943584442,
    0.11482356488704681,
    0.16018146276474,
    0.20106789469718933,
    0.2570645213127136,
    0.27527862787246704,
    0.26486432552337646,
    0.28548678755760193,
    0.31055545806884766,
    0.350258469581604,
    0.3985864520072937,
    0.39467430114746094,
    0.41931453347206116,
    0.4314974248409271,
    0.45150190591812134,
    0.4434788227081299
  ],