{
  "test_metrics": {
    "dice": 0.4625014662742615,
    "iou": 0.3111456036567688,
    "accuracy": 0.9362983703613281,
    "sensitivity": 0.36222022771835327,
    "specificity": 0.9873610138893127
  },
  "test_loss": 0.1793135553598404,
  "best_epoch": 30,
  "best_val_dice": 0.5123288631439209
}