{
  "train_loss": [
    0.061583665059879424,
    0.02960414185654372,
    0.023235281836241482,
    0.0190429906710051,
    0.019070935295894743,
    0.018436808453407137,
    0.02067522641737014,
    0.018376567703671753,
    0.0171038193278946,
    0.015084844070952386,
    0.017165664001367986,
    0.01728807734325528,
    0.017295740963891148,
    0.01655846587382257,
    0.013598629075568169,
    0.01527278320863843,
    0.013394764240365476,
    0.01298479302204214,
    0.012221466260962188,
    0.012846003111917526,
    0.012430756038520485,
    0.011561846674885601,
    0.011999456444755197,
    0.012564629258122295,
    0.012624387117102742,
    0.011089861654909328,
    0.011370920715853572,
    0.011820227070711554,
    0.010769498988520355,
    0.010296932340133935
  ],
  "val_loss": [
    0.03857885450124741,
    0.025317930057644843,
    0.021997209079563616,
    0.021885283663868903,
    0.018494016770273448,
    0.021637015230953693,
    0.01950260568410158,
    0.02176831942051649,
    0.018778457865118982,
    0.019971118494868278,
    0.021989959850907327,
    0.018198119662702083,
    0.01793487332761288,
    0.016803807113319635,
    0.01714086774736643,
    0.01752298902720213,
    0.019620737247169017,
    0.015664365980774163,
    0.015566818974912166,
    0.015243116207420826,
    0.021999919228255747,
    0.014028314221650361,
    0.017194031551480294,
    0.0164893701672554,
    0.014503770601004362,
    0.015118071716278792,
    0.016801444347947836,
    0.016794168297201394,
    0.014828302804380656,
    0.014286926202476024
  ],
  "train_dice": [
    0.44059520785199313,
    0.6520682003814727,
    0.7426917977631092,
    0.79724011272192,
    0.7951823189854622,
    0.8080770581960678,
    0.7940174251794815,
    0.8202862665057182,
    0.8343522369861602,
    0.862383733689785,
    0.8183499827980996,
    0.8383162274956704,
    0.8320687532424926,
    0.8447163090109825,
    0.8727178573608398,
    0.8640975743532181,
    0.8745232105255127,
    0.8787969678640366,
    0.8862473055720329,
    0.8792867049574852,
    0.8779962658882141,
    0.8907282367348671,
    0.8883072972297669,
    0.8826692432165146,
    0.8796263113617897,
    0.8958143770694733,
    0.8877661600708961,
    0.8837734088301659,
    0.896916002035141,
    0.9006875440478325
  ],
  "val_dice": [
    0.5990099430084228,
    0.7789687871932983,
    0.7779371023178101,
    0.7673877239227295,
    0.8369760513305664,
    0.7985501170158387,
    0.8237172603607178,
    0.7914206743240356,
    0.8401252031326294,
    0.8392104744911194,
    0.7993930339813232,
    0.8490539193153381,
    0.85427827835083,
    0.8643240094184875,
    0.8306742429733276,
    0.8564972758293152,
    0.8013601064682007,
    0.865288233757019,
    0.8682611227035523,
    0.8745265603065491,
    0.8462052464485168,
    0.8920311212539673,
    0.8587710857391357,
    0.8630933046340943,
    0.8906240344047547,
    0.8823516249656678,
    0.8599891066551208,
    0.8699069499969483,
    0.8816817402839661,
    0.8842592120170594
  ],
  "train_iou": [
    0.33926303663486124,
    0.5466179444221779,
    0.642525139823556,
    0.6956544324755669,
    0.6937328040599823,
    0.7076463215053082,
    0.6924698643386364,
    0.7244610920548439,
    0.7431112051010131,
    0.7763963237404823,
    0.7219043135643005,
    0.7473322689533234,
    0.7352215051651001,
    0.7554666116833687,
    0.7884878218173981,
    0.7767348699271679,
    0.792172922194004,
    0.7990086480975152,
    0.8079565361142158,
    0.7988084092736244,
    0.7985757663846016,
    0.81475959867239,
    0.8119604364037514,
    0.8025775760412216,
    0.8001987099647522,
    0.823492981493473,
    0.8113012433052063,
    0.8055042952299118,
    0.8237616747617722,
    0.8303150922060013
  ],
  "val_iou": [
    0.4717592656612396,
    0.6772550821304322,
    0.6630030274391174,
    0.652649462223053,
    0.7457586884498596,
    0.6905809044837952,
    0.727741253376007,
    0.6840066373348236,
    0.744247317314148,
    0.7399415135383606,
    0.6997800350189209,
    0.7608902812004089,
    0.7688040018081665,
    0.7798799037933349,
    0.7302715182304382,
    0.7683299422264099,
    0.6951403498649598,
    0.782966423034668,
    0.7860352277755738,
    0.795948839187622,
    0.762663972377777,
    0.8206455945968628,
    0.777030885219574,
    0.7797783851623535,
    0.8177016019821167,
    0.8118477702140808,
    0.7743700861930847,
    0.7888817310333252,
    0.8065844297409057,
    0.8086682438850403
  ],
  "train_accuracy": [
    0.7114155054092407,
    0.8065853357315064,
    0.8547508716583252,
    0.882953405380249,
    0.8826622009277344,
    0.8866222620010376,
    0.8810885906219482,
    0.8919671535491943,
    0.9008290529251098,
    0.9133567571640014,
    0.893954086303711,
    0.899595832824707,
    0.8955057382583618,
    0.903178596496582,
    0.9206905841827393,
    0.912504005432129,
    0.9193522214889527,
    0.9264809131622315,
    0.928712797164917,
    0.9224087476730347,
    0.9253611087799072,
    0.932697081565857,
    0.9299291849136353,
    0.9277108907699585,
    0.9249086856842041,
    0.9351855039596557,
    0.9329367876052856,
    0.9280387401580811,
    0.9350980043411254,
    0.9384556770324707
  ],
  "val_accuracy": [
    0.6594545364379882,
    0.8199008941650391,
    0.8637157440185547,
    0.8589874267578125,
    0.8848272323608398,
    0.8716026306152344,
    0.8791162490844726,
    0.8660266876220704,
    0.889070701599121,
    0.8895950317382812,
    0.8565670013427734,
    0.8905532836914063,
    0.8933692932128906,
    0.9000865936279296,
    0.8860652923583985,
    0.8948429107666016,
    0.8750814437866211,
    0.9041120529174804,
    0.9003824234008789,
    0.9074361801147461,
    0.8812562942504882,
    0.9167310714721679,
    0.9005695343017578,
    0.9026422500610352,
    0.916119384765625,
    0.9122137069702149,
    0.8963144302368165,
    0.8999113082885742,
    0.9076957702636719,
    0.9127027511596679
  ],
  "train_sensitivity": [
    0.5053645133206146,
    0.6946998772211372,
    0.765235249698162,
    0.7855845540761948,
    0.7942697584629059,
    0.8135047659277916,
    0.8000786945223808,
    0.8213508397340774,
    0.8467955976724625,
    0.8793041422963143,
    0.8057674460113049,
    0.8557285308837891,
    0.8226914934813976,
    0.8658293858170509,
    0.8705761715769768,
    0.8832552343606949,
    0.8844350472092628,
    0.9046542108058929,
    0.8968988567590713,
    0.8956015348434448,
    0.89312514513731,
    0.9026817351579666,
    0.9083591818809509,
    0.8774684980511666,
    0.8912601724267006,
    0.9007089316844941,
    0.9059965178370476,
    0.8820040285587311,
    0.9033753961324692,
    0.9102893829345703
  ],
  "val_sensitivity": [
    0.9747313141822815,
    0.8917022347450256,
    0.6938060045242309,
    0.6682792127132415,
    0.8256910562515258,
    0.7200905561447144,
    0.8030988574028015,
    0.7009183287620544,
    0.8802014589309692,
    0.8097769975662231,
    0.9433821439743042,
    0.7891677141189575,
    0.8205551505088806,
    0.866135048866272,
    0.9195070385932922,
    0.8368620038032532,
    0.95821613073349,
    0.9280733108520508,
    0.8478814840316773,
    0.9185738444328309,
    0.9566269159317017,
    0.9052467703819275,
    0.934079110622406,
    0.9058086156845093,
    0.9056313991546631,
    0.9313881278038025,
    0.801838219165802,
    0.8149274706840515,
    0.8510174751281738,
    0.8895938277244568
  ],