{
  "test_metrics": {
    "dice": 0.8765055060386657,
    "iou": 0.7880343198776245,
    "accuracy": 0.9203044891357421,
    "sensitivity": 0.8412640213966369,
    "specificity": 0.9771745443344116
  },
  "test_loss": 0.013677943777292968,
  "best_epoch": 22,
  "best_val_dice": 0.8920311212539673
}