{
  "train_loss": [
    0.5074254341423512,
    0.3522754549980164,
    0.34847170300781727,
    0.3147122984752059,
    0.2904217759147286,
    0.2784691216424108,
    0.22812498025596142,
    0.2475192505866289,
    0.239702882245183,
    0.23428664542734623,
    0.23706290144473313,
    0.21773520288988948,
    0.22157474160194396,
    0.20127966292202473,
    0.2083770664408803,
    0.24039542581886053,
    0.21185208540409803,
    0.20339213851839305,
    0.1954081492498517,
    0.17060030736029147,
    0.1894361414015293,
    0.1612321339547634,
    0.17489474527537824,
    0.18166875876486302,
    0.16897768480703235,
    0.16270441766828297,
    0.1648718524724245,
    0.15657446486875415,
    0.14419930893927813,
    0.14773150198161603
  ],
  "val_loss": [
    0.4028871119022369,
    0.39677268266677856,
    0.3024983167648315,
    0.29671998620033263,
    0.3011969566345215,
    0.30596388727426527,
    0.2881780073046684,
    0.41891683638095856,
    0.2975565165281296,
    0.32534492313861846,
    0.25478681176900864,
    0.37620906084775924,
    0.2334115833044052,
    0.25201713144779203,
    0.43789692521095275,
    0.2661011770367622,
    0.24509698748588563,
    0.286055301129818,
    0.2281080052256584,
    0.22468702793121337,
    0.23230185210704804,
    0.3219990640878677,
    0.22658149600028993,
    0.2394775092601776,
    0.23982160687446594,
    0.250375808775425,
    0.22783408164978028,
    0.2544357568025589,
    0.23858743235468866,
    0.26339770257472994
  ],
  "train_dice": [
    0.3825797877254238,
    0.7290233962237835,
    0.7223526215180754,
    0.7613184969872236,
    0.7697709806263446,
    0.8094322293996811,
    0.8447577297687531,
    0.8338983073830605,
    0.8332714557647705,
    0.842531967163086,
    0.8436624482274055,
    0.8527482688426972,
    0.8529943525791168,
    0.874556066095829,
    0.8567679896950722,
    0.8538634240627289,
    0.8630529478192329,
    0.8705749347805977,
    0.8744855478405953,
    0.8918798804283142,
    0.8782643288373947,
    0.897864593565464,
    0.8858453527092933,
    0.8819746047258377,
    0.8929590657353401,
    0.8919600069522857,
    0.8953936547040939,
    0.8973851963877678,
    0.9061756879091263,
    0.9002912729978562
  ],
  "val_dice": [
    0.7296513795852662,
    0.6430511951446534,
    0.8012724399566651,
    0.7941623091697693,
    0.7719762563705445,
    0.820138943195343,
    0.841334855556488,
    0.7936958193778991,
    0.8495066046714783,
    0.8237928628921509,
    0.8458499550819397,
    0.8169345498085022,
    0.8610893845558166,
    0.8364607334136963,
    0.7626497507095337,
    0.8555655002593994,
    0.8671585202217102,
    0.8397072553634644,
    0.8716290116310119,
    0.8616048455238342,
    0.8737827897071838,
    0.8338628888130188,
    0.8833153486251831,
    0.8622095942497253,
    0.8635429501533508,
    0.8678029775619507,
    0.8694741010665894,
    0.8628069162368774,
    0.8772286176681519,
    0.8531531572341919
  ],
  "train_iou": [
    0.3048414313329338,
    0.6258292578160762,
    0.6205622155219317,
    0.66028513610363,
    0.6680221222341061,
    0.7150594457983971,
    0.7541332498192788,
    0.7370581746101379,
    0.7439558789134025,
    0.7545104399323463,
    0.7562776722013951,
    0.7630279332399368,
    0.7638634294271469,
    0.795388787984848,
    0.7681266278028488,
    0.7650252416729927,
    0.7778657823801041,
    0.7889703765511513,
    0.7923457846045494,
    0.8165757909417153,
    0.8007227875292301,
    0.8243690147995949,
    0.8080849930644035,
    0.8052080675959588,
    0.8183637976646423,
    0.8186574876308441,
    0.8226906403899192,
    0.8240253448486328,
    0.8376865729689598,
    0.8304738059639931
  ],
  "val_iou": [
    0.6173546612262726,
    0.5192354321479797,
    0.6935083270072937,
    0.6866109013557434,
    0.6615226626396179,
    0.7336148023605347,
    0.7535772442817688,
    0.7011685729026794,
    0.7666109204292297,
    0.7355216145515442,
    0.75732980966568,
    0.72065269947052,
    0.7763538599014282,
    0.7406459450721741,
    0.6545957624912262,
    0.7677300810813904,
    0.788365113735199,
    0.7560983657836914,
    0.7949912548065186,
    0.7773003101348877,
    0.7990221500396728,
    0.7502077698707581,
    0.8113161325454712,
    0.7807355403900147,
    0.7832802891731262,
    0.7847616076469421,
    0.7918770909309387,
    0.7848491787910461,
    0.7999561667442322,
    0.776700222492218
  ],
  "train_accuracy": [
    0.7291706562042236,
    0.853226900100708,
    0.8557477474212647,
    0.8750847578048706,
    0.8789338350296021,
    0.8899108171463013,
    0.9097768306732178,
    0.8982192754745484,
    0.9046040773391724,
    0.9048803091049195,
    0.9049907684326172,
    0.9103346586227417,
    0.9124720096588135,
    0.9214781522750854,
    0.9147618293762207,
    0.9065311908721924,
    0.9173293828964233,
    0.9197943687438965,
    0.9213655471801758,
    0.932952094078064,
    0.9242807626724243,
    0.9360729217529297,
    0.9304267406463623,
    0.9266200542449952,
    0.9330698013305664,
    0.9344913005828858,
    0.9349966526031495,
    0.9366137981414795,
    0.9425278425216674,
    0.9413970470428467
  ],
  "val_accuracy": [
    0.8242403030395508,
    0.8239801406860352,
    0.8736433029174805,
    0.8785938262939453,
    0.8704971313476563,
    0.862312126159668,
    0.8828828811645508,
    0.8343242645263672,
    0.8856878280639648,
    0.8701349258422851,
    0.89185791015625,
    0.8638843536376953,
    0.9003366470336914,
    0.8899942398071289,
    0.8248361587524414,
    0.898408317565918,
    0.9048213958740234,
    0.8859117507934571,
    0.9073902130126953,
    0.901042366027832,
    0.9069559097290039,
    0.8749477386474609,
    0.9109193801879882,
    0.8999635696411132,
    0.8992813110351563,
    0.906648826599121,
    0.9065202713012696,
    0.9031284332275391,
    0.9071292877197266,
    0.8946451187133789
  ],
  "train_sensitivity": [
    0.3826142307012995,
    0.7374213919043541,
    0.7178296949714422,
    0.753691091760993,
    0.7689218632876873,
    0.8060062222182751,
    0.8524596467614174,
    0.8466972023248672,
    0.8296108856797219,
    0.8523662842810154,
    0.8464764177799224,
    0.8586378082633018,
    0.8597830310463905,
    0.8855995431542396,
    0.8567652761936188,
    0.8624882236123085,
    0.8711607471108437,
    0.8792632415890693,
    0.8854486495256424,
    0.9073997944593429,
    0.8824197202920914,
    0.9114075034856797,
    0.8920623913407326,
    0.8936426922678947,
    0.9003125220537186,
    0.8935127690434456,
    0.908017835021019,
    0.913039754331112,
    0.9098845690488815,
    0.9118982493877411
  ],
  "val_sensitivity": [
    0.6778526186943055,
    0.5294694423675537,
    0.8046191096305847,
    0.7640287756919861,
    0.7204790949821472,
    0.892776083946228,
    0.8976010680198669,
    0.9333409428596496,
    0.9044844508171082,
    0.9425395846366882,
    0.8416967034339905,
    0.9540676593780517,
    0.8562358736991882,
    0.7853629350662231,
    0.9625011444091797,
    0.8420806884765625,
    0.8465169548988343,
    0.9435034155845642,
    0.8864563703536987,
    0.8362706303596497,
    0.9048821449279785,
    0.9357864141464234,
    0.894849419593811,
    0.848023533821106,
    0.8757956266403198,
    0.902710235118866,
    0.839277195930481,
    0.9435267567634582,
    0.8688324928283692,
    0.9503380179405212
  ],