{
  "test_metrics": {
    "dice": 0.8842840671539307,
    "iou": 0.8021708846092224,
    "accuracy": 0.9262691497802734,
    "sensitivity": 0.9144227147102356,
    "specificity": 0.9358845353126526
  },
  "test_loss": 0.1820314794778824,
  "best_epoch": 23,
  "best_val_dice": 0.8833153486251831
}