{
  "train_loss": [
    0.4371686726808548,
    0.3262737840414047,
    0.3079775373140971,
    0.29729671279589337,
    0.2812798321247101,
    0.27050744990507763,
    0.27236578861872357,
    0.2680091857910156,
    0.2674660235643387,
    0.26457729935646057,
    0.2602781926592191,
    0.25765278935432434,
    0.2585379108786583,
    0.25466208904981613,
    0.2535263349612554,
    0.2549065947532654,
    0.24790061016877493,
    0.2437528669834137,
    0.2395017072558403,
    0.2438692624370257,
    0.23484732955694199,
    0.23757407069206238,
    0.23345732440551123,
    0.22250129779179892,
    0.2132703239719073,
    0.2063906267285347,
    0.20882328351338705,
    0.20319638897975287,
    0.19308921446402869,
    0.1899235745271047
  ],
  "val_loss": [
    0.30413174629211426,
    0.2818024158477783,
    0.2794226408004761,
    0.2623288035392761,
    0.24899539351463318,
    0.2525896430015564,
    0.2521960735321045,
    0.26375699043273926,
    0.2519702911376953,
    0.24181926250457764,
    0.23818212747573853,
    0.23545943200588226,
    0.23315107822418213,
    0.24935582280158997,
    0.2529381513595581,
    0.22883543372154236,
    0.22432971000671387,
    0.21889182925224304,
    0.23018339276313782,
    0.22131243348121643,
    0.2107391357421875,
    0.209814190864563,
    0.20589318871498108,
    0.22144776582717896,
    0.20450708270072937,
    0.18479081988334656,
    0.18311622738838196,
    0.17892947793006897,
    0.1885090321302414,
    0.17825791239738464
  ],
  "train_dice": [
    4.309523686981306e-11,
    4.309523860453653e-11,
    4.309523860453653e-11,
    4.309523860453653e-11,
    4.309523860453653e-11,
    4.3095237448054213e-11,
    4.309523860453653e-11,
    4.309523802629537e-11,
    4.309523802629537e-11,
    4.309523802629537e-11,
    4.309523802629537e-11,
    4.309523860453653e-11,
    4.309523860453653e-11,
    7.574767599523649e-06,
    0.0008171136869378712,
    0.004827819282779129,
    0.004179008710184057,
    0.008058708326717406,
    0.03068369401929279,
    0.10726295328155781,
    0.08197577406341831,
    0.10844255335784207,
    0.12782355397939682,
    0.12856672455867132,
    0.22911926110585532,
    0.32313954333464306,
    0.3127680942416191,
    0.33673036098480225,
    0.38340261578559875,
    0.4505922794342041
  ],
  "val_dice": [
    4.994697017091099e-11,
    4.994697017091099e-11,
    4.994697017091099e-11,
    4.994697017091099e-11,
    4.994697017091099e-11,
    4.994697017091099e-11,
    4.994697017091099e-11,
    4.994697017091099e-11,
    4.994697017091099e-11,
    4.994697017091099e-11,
    4.994697017091099e-11,
    4.994697017091099e-11,
    4.994697017091099e-11,
    0.002419767901301384,
    0.008950850926339626,
    0.0001974810875253752,
    0.0008639117004349828,
    0.009878573939204216,
    0.15271833539009094,
    0.110641710460186,
    0.014002248644828796,
    0.03924139589071274,
    0.17927289009094238,
    0.39725762605667114,
    0.38133856654167175,
    0.24273905158042908,
    0.2819051146507263,
    0.41366109251976013,
    0.5496633052825928,
    0.5529066324234009
  ],
  "train_iou": [
    4.309523686981306e-11,
    4.309523860453653e-11,
    4.309523860453653e-11,
    4.309523860453653e-11,
    4.309523860453653e-11,
    4.3095237448054213e-11,
    4.309523860453653e-11,
    4.309523802629537e-11,
    4.309523802629537e-11,
    4.309523802629537e-11,
    4.309523802629537e-11,
    4.309523860453653e-11,
    4.309523860453653e-11,
    3.7877495924875057e-06,
    0.0004106271198935317,
    0.002453659247188177,
    0.002117239154744816,
    0.004100578220533008,
    0.015942383363532524,
    0.059620847838232294,
    0.044681980895499386,
    0.06118883929836253,
    0.07483079951877396,
    0.07185350668927033,
    0.1330179050564766,
    0.19656963273882866,
    0.19589731842279434,
    0.20999858528375626,
    0.24255482107400894,
    0.29507499436537427
  ],
  "val_iou": [
    4.994697017091099e-11,
    4.994697017091099e-11,
    4.994697017091099e-11,
    4.994697017091099e-11,
    4.994697017091099e-11,
    4.994697017091099e-11,
    4.994697017091099e-11,
    4.994697017091099e-11,
    4.994697017091099e-11,
    4.994697017091099e-11,
    4.994697017091099e-11,
    4.994697017091099e-11,
    4.994697017091099e-11,
    0.001212680828757584,
    0.0045026205480098724,
    9.877957927528769e-05,
    0.0004323807079344988,
    0.004978734068572521,
    0.08377705514431,
    0.05956127494573593,
    0.007075128145515919,
    0.02018144726753235,
    0.09955015778541565,
    0.24902547895908356,
    0.23820620775222778,
    0.13862544298171997,
    0.16547420620918274,
    0.26198071241378784,
    0.379830539226532,
    0.3827091455459595
  ],
  "train_accuracy": [
    0.9095128377278646,
    0.9095128377278646,
    0.9095128377278646,
    0.9095128377278646,
    0.9095128377278646,
    0.9095128377278646,
    0.9095128377278646,
    0.9095128377278646,
    0.9095128377278646,
    0.9095128377278646,
    0.9095128377278646,
    0.9095128377278646,
    0.9095128377278646,
    0.9095131556193033,
    0.9095519383748373,
    0.9097402890523275,
    0.9097077051798502,
    0.909882386525472,
    0.9109388987223307,
    0.9145795504252116,
    0.9135033289591471,
    0.914826234181722,
    0.915708859761556,
    0.9160443941752116,
    0.9206139246622721,
    0.9248968760172526,
    0.923945426940918,
    0.9260042508443197,
    0.928376038869222,
    0.9315055211385092
  ],
  "val_accuracy": [
    0.9219932556152344,
    0.9219932556152344,
    0.9219932556152344,
    0.9219932556152344,
    0.9219932556152344,
    0.9219932556152344,
    0.9219932556152344,
    0.9219932556152344,
    0.9219932556152344,
    0.9219932556152344,
    0.9219932556152344,
    0.9219932556152344,
    0.9219932556152344,
    0.922093391418457,
    0.9223394393920898,
    0.922001838684082,
    0.9220304489135742,
    0.9223461151123047,
    0.9277229309082031,
    0.9262905120849609,
    0.9224882125854492,
    0.9235448837280273,
    0.9293813705444336,
    0.9387655258178711,
    0.9380855560302734,
    0.932072639465332,
    0.9339456558227539,
    0.9403152465820312,
    0.9442586898803711,
    0.9450044631958008
  ],
  "train_sensitivity": [
    4.309523686981306e-11,
    4.309523860453653e-11,
    4.309523860453653e-11,
    4.309523860453653e-11,
    4.309523860453653e-11,
    4.3095237448054213e-11,
    4.309523860453653e-11,
    4.309523802629537e-11,
    4.309523802629537e-11,
    4.309523802629537e-11,
    4.309523802629537e-11,
    4.309523860453653e-11,
    4.309523860453653e-11,
    3.7877495924875057e-06,
    0.00041066022065003777,
    0.002454007794661727,
    0.0021173121859567085,
    0.004101308066990648,
    0.015950938997169335,
    0.06030486949991124,
    0.044847271560380854,
    0.06192337457711498,
    0.07674241345375776,
    0.07233798193434875,
    0.1361614093184471,
    0.20576574777563414,
    0.21446666369835535,
    0.22245731949806213,
    0.25736768047014874,
    0.3189240445693334
  ],
  "val_sensitivity": [
    4.994697017091099e-11,
    4.994697017091099e-11,
    4.994697017091099e-11,
    4.994697017091099e-11,
    4.994697017091099e-11,
    4.994697017091099e-11,
    4.994697017091099e-11,
    4.994697017091099e-11,
    4.994697017091099e-11,
    4.994697017091099e-11,
    4.994697017091099e-11,
    4.994697017091099e-11,
    4.994697017091099e-11,
    0.0012127563823014498,
    0.0045028673484921455,
    9.877957927528769e-05,
    0.0004323807079344988,
    0.004979043733328581,
    0.0847758799791336,
    0.059984419494867325,
    0.007076885551214218,
    0.020203545689582825,
    0.10037355870008469,
    0.26237761974334717,
    0.25133416056632996,
    0.14056167006492615,
    0.16906404495239258,
    0.2736670970916748,
    0.44200843572616577,
    0.44034600257873535
  ],