{
  "test_metrics": {
    "dice": 0.4941563010215759,
    "iou": 0.3321634531021118,
    "accuracy": 0.9379358291625977,
    "sensitivity": 0.38574427366256714,
    "specificity": 0.9878149032592773
  },
  "test_loss": 0.19621504843235016,
  "best_epoch": 30,
  "best_val_dice": 0.5529066324234009
}