{"train_losses": [2.6838782920113093, 1.906143792067902, 1.5518131980413123, 1.4255228691463229, 1.354522112049634, 1.3019688536849203, 1.2720739841461182, 1.239394654201556, 1.2338149366499502, 1.2062289941159985, 1.201755538771424, 1.192848593373842, 1.1810990903950944, 1.1806580205506916, 1.1734065224852743, 1.1574798399889017, 1.1627644315550598, 1.1492361177372028, 1.1459066430224647, 1.147544697870182], "train_accs": [0.1668, 0.444, 0.6994, 0.8132, 0.8596, 0.8922, 0.9108, 0.928, 0.9364, 0.95, 0.9558, 0.9596, 0.9666, 0.9636, 0.9666, 0.9724, 0.974, 0.9732, 0.9768, 0.9766], "val_losses": [2.1149300148612573, 1.5817681268641823, 1.4418197274208069, 1.38770150824597, 1.3485310642342818, 1.3221328572223061, 1.3030221399508024, 1.338440843318638, 1.3696780361627277, 1.288253857901222, 1.2780681926953166, 1.3255777374694222, 1.2716662162228634, 1.3189115445864827, 1.28436174204475, 1.2539489661392413, 1.3038082514938556, 1.2534321577925431, 1.2509670634018748, 1.279624813481381], "val_accs": [0.5133333333333333, 0.725, 0.7658333333333334, 0.7566666666666667, 0.7883333333333333, 0.8308333333333333, 0.745, 0.7625, 0.7508333333333334, 0.7808333333333334, 0.7258333333333333, 0.7708333333333334, 0.7841666666666667, 0.7475, 0.7691666666666667, 0.7725, 0.7925, 0.79, 0.7783333333333333, 0.7566666666666667], "test_acc": 0.7608333333333334, "test_acc_top2": 0.9016666666666666, "test_loss": 1.226590291449898, "best_epoch": 19}