{"train_losses": [2.215378612279892, 1.9234040826559067, 1.6946256905794144, 1.5059933215379715, 1.354398787021637, 1.263396680355072, 1.1688565164804459, 1.112921193242073, 1.0657419711351395, 1.032117247581482, 1.0050990134477615, 0.9865096509456635, 0.9754117280244827, 0.9622885435819626, 0.9514228254556656, 0.948132798075676, 0.9357092380523682, 0.9303735494613647, 0.922068752348423, 0.9169928506016731], "train_accs": [0.282, 0.732, 0.834, 0.886, 0.914, 0.94, 0.962, 0.976, 0.988, 0.99, 0.994, 0.998, 0.998, 1.0, 1.0, 1.0, 1.0, 1.0, 1.0, 1.0], "val_losses": [2.157984733581543, 2.025128483772278, 1.9201411008834839, 1.8643485307693481, 1.8464319109916687, 1.9041047096252441, 1.806928813457489, 1.7866964936256409, 1.8505944609642029, 1.8280643820762634, 1.7754768133163452, 1.8147013783454895, 1.8431625366210938, 1.8337523937225342, 1.783676564693451, 1.777129888534546, 1.7975062131881714, 1.8456815481185913, 1.8004242181777954, 1.8372682332992554], "val_accs": [0.225, 0.3, 0.425, 0.4583333333333333, 0.39166666666666666, 0.375, 0.375, 0.375, 0.35833333333333334, 0.375, 0.38333333333333336, 0.39166666666666666, 0.35833333333333334, 0.35, 0.44166666666666665, 0.39166666666666666, 0.375, 0.38333333333333336, 0.36666666666666664, 0.38333333333333336], "test_acc": 0.49166666666666664, "test_acc_top2": 0.725, "test_loss": 1.5590471625328064, "best_epoch": 11}