{"train_losses": [2.121100276708603, 1.3932297229766846, 1.199021890759468, 1.1308899074792862, 1.0964826792478561, 1.0787429511547089, 1.0888112634420395, 1.0729073882102966, 1.0672880858182907, 1.0738170593976974, 1.0785473436117172, 1.0648844838142395, 1.0674235820770264, 1.0616872608661652, 1.0556900054216385, 1.0596292167901993, 1.0459581315517426, 1.0592766553163528, 1.0500391572713852, 1.0449183881282806], "train_accs": [0.318, 0.784, 0.914, 0.966, 0.978, 0.984, 0.978, 0.99, 0.992, 0.994, 0.992, 0.992, 0.986, 0.998, 0.99, 0.996, 0.994, 0.988, 0.996, 0.992], "val_losses": [1.7401419878005981, 1.5690640807151794, 1.451240062713623, 1.4083540439605713, 1.4570783376693726, 1.4801159501075745, 1.4933883547782898, 1.515885353088379, 1.5077978372573853, 1.5073201656341553, 1.59584242105484, 1.482297658920288, 1.576315701007843, 1.502745270729065, 1.4700114727020264, 1.4989379048347473, 1.4788444638252258, 1.4970453381538391, 1.4896827936172485, 1.4821907877922058], "val_accs": [0.30833333333333335, 0.43333333333333335, 0.4666666666666667, 0.5833333333333334, 0.5666666666666667, 0.575, 0.5166666666666667, 0.5583333333333333, 0.55, 0.475, 0.525, 0.5, 0.4583333333333333, 0.5333333333333333, 0.5333333333333333, 0.575, 0.5666666666666667, 0.5916666666666667, 0.5916666666666667, 0.5916666666666667], "test_acc": 0.5583333333333333, "test_acc_top2": 0.7083333333333334, "test_loss": 1.4585729241371155, "best_epoch": 4}