{"train_losses": [2.1946118772029877, 1.8765748143196106, 1.629287376999855, 1.4537489414215088, 1.3138240277767181, 1.2191749066114426, 1.144185096025467, 1.0995709747076035, 1.0563677251338959, 1.0257316827774048, 1.0015235021710396, 0.9868444949388504, 0.9733977168798447, 0.963327556848526, 0.9484778270125389, 0.9408114477992058, 0.9371201917529106, 0.9298349544405937, 0.9242484197020531, 0.9202488511800766], "train_accs": [0.368, 0.862, 0.94, 0.952, 0.988, 0.986, 0.992, 0.996, 0.994, 0.992, 0.994, 0.996, 0.998, 0.996, 0.998, 0.998, 1.0, 1.0, 0.998, 1.0], "val_losses": [2.0829488039016724, 1.9039078950881958, 1.779992401599884, 1.689611554145813, 1.6090987920761108, 1.5604644417762756, 1.529829978942871, 1.510115921497345, 1.4810858964920044, 1.4658514261245728, 1.4520618915557861, 1.4354488253593445, 1.4312750697135925, 1.428116261959076, 1.4227675795555115, 1.4171661138534546, 1.4146280884742737, 1.4166744351387024, 1.4114038348197937, 1.4103743433952332], "val_accs": [0.25833333333333336, 0.5, 0.49166666666666664, 0.45, 0.5083333333333333, 0.5166666666666667, 0.48333333333333334, 0.5, 0.49166666666666664, 0.5, 0.5333333333333333, 0.5166666666666667, 0.525, 0.5416666666666666, 0.5333333333333333, 0.5416666666666666, 0.5416666666666666, 0.5416666666666666, 0.5333333333333333, 0.55], "test_acc": 0.5333333333333333, "test_acc_top2": 0.7416666666666667, "test_loss": 1.4415714740753174, "best_epoch": 20}