{"train_losses": [1.6926692105546783, 1.1774370866485788, 1.0834652306158332, 1.0535742210436472, 1.0459922868994218, 1.0334217850166032, 1.0302538072006613, 1.0270005992696256, 1.021859503245052, 1.0207255339320702, 1.022372707535949, 1.0167373411263092, 1.0156772015969964, 1.020714646653284, 1.0166653024999401, 1.0159245661542387, 1.0194629015801828, 1.022069768815101, 1.0197471697119218, 1.0241017137901693], "train_accs": [0.6858, 0.946, 0.971, 0.9792, 0.985, 0.9876, 0.9884, 0.9894, 0.9898, 0.989, 0.9888, 0.9902, 0.9916, 0.989, 0.9894, 0.9922, 0.9898, 0.99, 0.9918, 0.9898], "val_losses": [1.5834811208148798, 1.478867248694102, 1.4420569431036712, 1.4431742450843255, 1.4401687579850355, 1.4457434477905433, 1.4531501724074285, 1.4613987271984419, 1.4676181475321453, 1.4657502641280493, 1.4424676648030679, 1.4660430133963624, 1.4605476550757885, 1.4663896560668945, 1.4710163185372949, 1.460807128685216, 1.460914544140299, 1.457426772514979, 1.478266488512357, 1.4826385096957286], "val_accs": [0.475, 0.525, 0.525, 0.525, 0.5583333333333333, 0.5333333333333333, 0.525, 0.525, 0.5166666666666667, 0.525, 0.525, 0.5166666666666667, 0.525, 0.525, 0.525, 0.5, 0.525, 0.5416666666666666, 0.525, 0.525], "test_acc": 0.5416666666666666, "test_acc_top2": 0.725, "test_loss": 1.4621327673395474, "best_epoch": 5}