{"train_losses": [2.5407720804214478, 2.427274227142334, 2.301131159067154, 2.262588679790497, 2.1469056606292725, 2.099382907152176, 2.0380223244428635, 2.049061357975006, 1.9370795041322708, 1.9486290216445923, 1.8676860481500626, 1.8499259501695633, 1.8592838943004608, 1.7751072943210602, 1.7488538026809692, 1.7376145124435425, 1.7047898322343826, 1.6998213827610016, 1.7104641795158386, 1.6486640274524689], "train_accs": [0.118, 0.154, 0.178, 0.214, 0.282, 0.314, 0.342, 0.322, 0.406, 0.404, 0.464, 0.47, 0.454, 0.53, 0.532, 0.55, 0.544, 0.558, 0.564, 0.588], "val_losses": [2.2507264614105225, 2.1875734329223633, 2.126097083091736, 2.0664877891540527, 2.0044451355934143, 1.947749137878418, 1.902796983718872, 1.8649437427520752, 1.8246877789497375, 1.786310851573944, 1.7486723065376282, 1.7438802123069763, 1.7024562358856201, 1.6731868386268616, 1.6647399067878723, 1.6366092562675476, 1.6045525074005127, 1.6036858558654785, 1.5956367254257202, 1.5615202188491821], "val_accs": [0.14166666666666666, 0.2833333333333333, 0.3416666666666667, 0.2916666666666667, 0.35833333333333334, 0.425, 0.48333333333333334, 0.525, 0.5333333333333333, 0.5916666666666667, 0.6333333333333333, 0.55, 0.6166666666666667, 0.65, 0.6166666666666667, 0.625, 0.625, 0.6666666666666666, 0.5666666666666667, 0.6666666666666666], "test_acc": 0.6, "test_acc_top2": 0.75, "test_loss": 1.5412650108337402, "best_epoch": 20}