{
  "train_loss": [
    1.3921975493431091,
    1.1515040198961894,
    1.08551424741745,
    1.0499587853749592,
    1.0492053031921387,
    1.0270709594090779,
    1.0190321803092957,
    1.0024847288926442,
    0.9865030646324158,
    0.9678285618623098,
    0.9582933187484741,
    0.9473666548728943,
    0.9669198095798492,
    0.9647176265716553,
    0.9510435163974762,
    0.9225891729195913,
    0.9117883543173472,
    0.912636786699295,
    0.9006565709908804,
    0.9068106810251871,
    0.9116449654102325,
    0.8794120450814565,
    0.8572056988875071,
    0.8431526323159536,
    0.8208249906698862,
    0.8128053347269694,
    0.8047414819399515,
    0.7729683717091879,
    0.7725529869397482,
    0.8474464317162832
  ],
  "val_loss": [
    1.1454150676727295,
    1.0566356182098389,
    0.9929133653640747,
    1.0319125652313232,
    1.0201772451400757,
    0.9757434129714966,
    0.9333862066268921,
    0.9288841485977173,
    0.915874183177948,
    0.9085118174552917,
    0.9062523245811462,
    0.8910862803459167,
    0.8854552507400513,
    0.8902109861373901,
    0.8825680017471313,
    0.8666051626205444,
    0.855972170829773,
    0.9024244546890259,
    0.8749239444732666,
    0.8811368942260742,
    0.8225056529045105,
    0.8092710971832275,
    0.7969493865966797,
    0.8036510944366455,
    0.7585344314575195,
    0.7502630949020386,
    0.7334442138671875,
    0.714062511920929,
    0.7239382266998291,
    0.7620733976364136
  ],
  "train_dice": [
    0.14321442893318212,
    0.22497369597355524,
    0.23639017095168433,
    0.23328087230523428,
    0.24279234309991202,
    0.24430019905169806,
    0.24539741625388464,
    0.25531915078560513,
    0.24066666265328726,
    0.2425571233034134,
    0.2433493435382843,
    0.24566378196080527,
    0.2326820989449819,
    0.32957392434279126,
    0.26547525078058243,
    0.24411875009536743,
    0.2517726719379425,
    0.3161695251862208,
    0.31114769478638965,
    0.3236284802357356,
    0.349616177380085,
    0.34606261054674786,
    0.3351818074782689,
    0.337798905869325,
    0.3418271640936534,
    0.4033802847067515,
    0.3938791553179423,
    0.39970387021700543,
    0.41326169669628143,
    0.3965512265761693
  ],
  "val_dice": [
    0.19904102385044098,
    0.20834526419639587,
    0.2106744647026062,
    0.20746669173240662,
    0.20631155371665955,
    0.2558702230453491,
    0.2101145088672638,
    0.217814102768898,
    0.2135213017463684,
    0.21441949903964996,
    0.21359053254127502,
    0.21605998277664185,
    0.26898711919784546,
    0.21481794118881226,
    0.21459032595157623,
    0.22158902883529663,
    0.2212493121623993,
    0.21122795343399048,
    0.21154546737670898,
    0.2108299732208252,
    0.2504642903804779,
    0.29290568828582764,
    0.27014654874801636,
    0.22420087456703186,
    0.43091654777526855,
    0.31397920846939087,
    0.36118283867836,
    0.4074389934539795,
    0.5490796566009521,
    0.25205859541893005
  ],
  "train_iou": [
    0.08040947002882604,
    0.12706727410356203,
    0.13435634598135948,
    0.1324311432739099,
    0.13867197185754776,
    0.13959976534048715,
    0.14047720283269882,
    0.1476077288389206,
    0.13714633385340372,
    0.13835996016860008,
    0.13887185603380203,
    0.14037568122148514,
    0.13357189297676086,
    0.20287112891674042,
    0.15435162807504335,
    0.13937200605869293,
    0.14439561714728674,
    0.19265986482302347,
    0.18944179515043894,
    0.2001289650797844,
    0.22070312003294626,
    0.2179709126551946,
    0.20608282834291458,
    0.20811427881320319,
    0.21035261452198029,
    0.2596971392631531,
    0.2510940035184224,
    0.2529263123869896,
    0.2669070636232694,
    0.25622710833946866
  ],
  "val_iou": [
    0.11071226000785828,
    0.11648284643888474,
    0.11791079491376877,
    0.11594662070274353,
    0.11522893607616425,
    0.1470808982849121,
    0.11758142709732056,
    0.1224047914147377,
    0.11972083151340485,
    0.12028315663337708,
    0.11977038532495499,
    0.12131305783987045,
    0.15654286742210388,
    0.12053714692592621,
    0.12040384858846664,
    0.1248100996017456,
    0.12458937615156174,
    0.11829396337270737,
    0.1184939295053482,
    0.11804667115211487,
    0.14350852370262146,
    0.17250627279281616,
    0.1565234363079071,
    0.1264534890651703,
    0.27645015716552734,
    0.18727664649486542,
    0.2222490757703781,
    0.25731298327445984,
    0.37923914194107056,
    0.14472417533397675
  ],
  "train_accuracy": [
    0.5472731590270996,
    0.4595003128051758,
    0.46907250086466473,
    0.46889400482177734,
    0.5161863962809244,
    0.49714215596516925,
    0.4999998410542806,
    0.4887472788492839,
    0.446558157602946,
    0.46027978261311847,
    0.46013720830281574,
    0.4740414619445801,
    0.5578096707661947,
    0.6124105453491211,
    0.5075623194376627,
    0.4562538464864095,
    0.48621638615926105,
    0.5931488672892252,
    0.5757845242818197,
    0.5888873736063639,
    0.6283919016520182,
    0.6156635284423828,
    0.6353578567504883,
    0.6374964714050293,
    0.6417001088460287,
    0.7362206776936849,
    0.727962334950765,
    0.743011474609375,
    0.7400066057840983,
    0.7135651906331381
  ],
  "val_accuracy": [
    0.3854856491088867,
    0.4355201721191406,
    0.4608726501464844,
    0.4159717559814453,
    0.40607357025146484,
    0.8198347091674805,
    0.43894100189208984,
    0.48421478271484375,
    0.4527263641357422,
    0.45777416229248047,
    0.45205211639404297,
    0.46434879302978516,
    0.6064262390136719,
    0.45237064361572266,
    0.4501514434814453,
    0.4823884963989258,
    0.4792442321777344,
    0.4314718246459961,
    0.43239307403564453,
    0.42732715606689453,
    0.56146240234375,
    0.6505241394042969,
    0.6131963729858398,
    0.47919464111328125,
    0.8296213150024414,
    0.6855764389038086,
    0.7529191970825195,
    0.8077812194824219,
    0.9187746047973633,
    0.5522594451904297
  ],
  "train_sensitivity": [
    0.6295550797852533,
    0.8770983119805654,
    0.9132380584875742,
    0.8973058958848318,
    0.8503313263257345,
    0.8798086196184158,
    0.8810904423395792,
    0.9297494689623514,
    0.9707992970943451,
    0.9582671026388804,
    0.9626932342847189,
    0.9498818218708038,
    0.8042088250319163,
    0.8707997302214304,
    0.9497161606947581,
    0.9736903707186381,
    0.9575900634129842,
    0.8875010212262472,
    0.9053469896316528,
    0.8748152653376261,
    0.8391342560450236,
    0.8881602783997854,
    0.8990196883678436,
    0.8929785192012787,
    0.8978025019168854,
    0.836482455333074,
    0.8328703045845032,
    0.8580600420633951,
    0.8330325583616892,
    0.7658548851807913
  ],
  "val_sensitivity": [
    0.9812109470367432,
    0.9552345275878906,
    0.9264305830001831,
    0.9825772047042847,
    0.9920916557312012,
    0.4047648310661316,
    0.9600464105606079,
    0.9242541790008545,
    0.9556761980056763,
    0.9520539045333862,
    0.957068920135498,
    0.9498138427734375,
    0.8942580223083496,
    0.9636316299438477,
    0.9659112095832825,
    0.947870135307312,
    0.951987624168396,
    0.9787734150886536,
    0.9790060520172119,
    0.9834616184234619,
    0.9376100301742554,
    0.9080770611763,
    0.9174014329910278,
    0.9684005379676819,
    0.8162844181060791,
    0.9071865677833557,
    0.8677988052368164,
    0.8410875797271729,
    0.6406459212303162,
    0.9549095630645752
  ],