{
  "test_metrics": {
    "dice": 0.29016250371932983,
    "iou": 0.17044934630393982,
    "accuracy": 0.6078310012817383,
    "sensitivity": 0.9387631416320801,
    "specificity": 0.5780330896377563
  },
  "test_loss": 0.7689141631126404,
  "best_epoch": 29,
  "best_val_dice": 0.5490796566009521
}